[
  {
    "name": "DIRECTLINE_EXTENSION_VERSION",
    "value": "latest",
    "slotSetting": false
  },
  {
    "name": "DirectLineExtensionKey",
    "value": "c60lzm-QTYg.rJN_ys7vTcS21JLQjsEJeZ-09j-zP2PispsmWYS-1bc",
    "slotSetting": false
  },
  {
    "name": "MicrosoftAppId",
    "value": "045a01da-7fe2-442e-ae89-96b1354c2a92",
    "slotSetting": false
  },
  {
    "name": "MicrosoftAppPassword",
    "value": "zqh8Q~cPe52ANHx50m5FtiTsWqJCfZVWT.1aobJ7",
    "slotSetting": false
  },
  {
    "name": "WEBSITE_RUN_FROM_PACKAGE",
    "value": "1",
    "slotSetting": false
  },
  {
    "name": "DIRECT_LINE_SECRET",
    "value": "jaUX74eiyuY.pQMQPhK05DOfiRha0XoACwKjSR2VFhigT-BSPzRBWe4",
    "slotSetting": false
  },
  {
    "name": "SPEECH_SERVICES_REGION",
    "value": "",
    "slotSetting": false
  },
  {
    "name": "SPEECH_SERVICES_SUBSCRIPTION_KEY",
    "value": "",
    "slotSetting": false
  }
]
